Pathogen,Short Name
Escherichia coli,Esche. coli
Streptococcus constellatus,Strep. constellatus
Klebsiella oxytoca,Klebs. oxytoca
Proteus mirabilis,Prote. mirabilis
Staphylococcus pettenkoferi,Staph. pettenkoferi
Klebsiella pneumoniae,Klebs. pneumoniae
Pseudomonas fluorescens,Pseud. fluorescens
Staphylococcus aureus,Staph. aureus
Pseudomonas aeruginosa,Pseud. aeruginosa
Rothia dentocariosa,Rothia dentocariosa
Anaerococcus prevotii,Anaer. prevotii
Citrobacter freundii,Citro. freundii
Staphylokokken koagulase-negativ,Staph. coagulase negative
Porphyromonas somerae,Porph. somerae
Clostridioides (früher: Clostridium) difficile,Clost. difficile
Bacteroides vulgatus,Bacte. vulgatus
Streptococcen alpha-hämolysierend / Viridansgruppe,Strep. alpha-hemolytic
Streptococcen Gruppe B / S. agalactiae,Strep. Group B/S. agalactiae
Streptococcus anginosus,Strep. anginosus
Leclercia spp.,Lecle. spp.
Acinetobacter lwoffi,Acine. lwoffi
Staphylococcus epidermidis,Staph. epidermidis
Streptococcus dysgalactiae,Strep. dysgalactiae
Lactobacillus jensenii,Lacto. jensenii
Staphylococcus lugdunensis,Staph. lugdunensis
Staphylococcus pasteuri,Staph. pasteuri
Citrobacter koseri,Citro. koseri
Streptococcus vestibularis,Strep. vestibularis
Bacteroides fragilis,Bacte. fragilis
Klebsiella (früher: Enterobacter) aerogenes,Klebs. aerogenes
Lactobacillus crispatus,Lacto. crispatus
Neisseria subflava,Neiss. subflava
Acinetobacter baumannii complex,Acine. baumannii complex
Flavimonas oryzihabitans,Flavi. oryzihabitans
Morganella morganii,Morga. morganii
Cutibacterium acnes,Cutiba. acnes
Corynebacterium spp.,Coryn. spp.
Prevotella disiens,Prevo. disiens
Lactobacillus spp.,Lacto. spp.
Citrobacter amalonaticus,Citro. amalonaticus
Finegoldia magna,Fineg. magna
Proteus hauseri,Prote. hauseri
Corynebacterium striatum,Coryn. striatum
Streptococcus mitis,Strep. mitis
Salmonella oranienburg,Salmo. oranienburg
Corynebacterium amycolatum,Coryn. amycolatum
Enterobacter hormaechei,Enter. hormaechei
Mycoplasma hominis,Mycop. hominis
Enterobacter cloacae,Enter. cloacae
Enterococcus faecalis,Enter. faecalis
Ureaplasma urealyticum,Ureap. urealyticum
Campylobacter jejuni,Campy. jejuni
Stenotrophomonas maltophilia,Steno. maltophilia
Providencia rettgeri,Provi. rettgeri
Streptococcus intermedius,Strep. intermedius
Enterococcus avium,Enter. avium
Streptococcus oralis,Strep. oralis
Bacteroides spp.,Bacte. spp.
Corynebacterium pilosum,Coryn. pilosum
Gardnerella vaginalis,Gardn. vaginalis
Parvimonas micra,Parvi. micra
Haemophilus influenzae,Haemo. influenzae
Serratia marcescens,Serra. marcescens
Staphylococcus condimenti,Staph. condimenti
Lactococcus spp.,Lacto. spp.
Clostridium perfringens,Clost. perfringens
Bacillus circulans,Bacil. circulans
Pediococcus spp.,Pedio. spp.
Prevotella denticola,Prevo. denticola
Citrobacter spp.,Citro. spp.
Parabacteroides distasonis,Parab. distasonis
Prevotella bivia,Prevo. bivia
Trueperella pyogenes,Truep. pyogenes
Bacillus spp.,Bacillus spp.
Streptococcen Gruppe A / S. pyogenes,Strep. Gruppe A/S. pyogenes
Rothia mucilaginosa,Rothia mucilaginosa
Prevotella spp.,Prevo. spp.
Bacteroides ovatus,Bacte. ovatus
Staphylococcus spp.,Staph. spp.
Anaerococcus murdochii,Anaer. murdochii
Leptotrichia buccalis,Lepto. buccalis
Streptococcus salivarius,Strep. salivarius
Acinetobacter johnsonii,Acine. johnsonii
Morganella spp.,Morga. spp.
Haemophilus parainfluenzae,Haemo. parainfluenzae
Enterococcus durans,Enter. durans
Ureaplasma spp.,Ureap. spp.
Proteus vulgaris,Prote. vulgaris
Lactobacillus acidophilus,Lacto. acidophilus
Prevotella bergensis,Prevotella bergensis
Burkholderia spp.,Burkholderia spp.
Staphylococcus saprophyticus,Staphylococcus saprophyticus
Pseudomonas aureofaciens,Pseudomonas aureofaciens
Globicatella sanguinis,Globicatella sanguinis
Clostridium difficile Toxinnachweis,Clostridium difficile Toxinnachweis
Pantoea agglomerans,Pantoea agglomerans
Fusobacterium nucleatum,Fusobacterium nucleatum
Streptococcus parasanguinis,Streptococcus parasanguinis
Sphingomonas paucimobilis,Sphin. paucimobilis
Lactobacillus salivarius,Lacto. salivarius
Corynebacterium aurimucosum,Coryn. aurimucosum
Cutibacterium avidum,Cutibacterium avidum
Acinetobacter junii,Acinetobacter junii
Dermabacter hominis,Dermabacter hominis
Porphyromonas asaccharolytica,Porphyromonas asaccharolytica
Peptostreptococcus spp.,Peptostreptococcus spp.
Actinomyces neuii,Actinomyces neuii
Granulicatella adiacens,Granulicatella adiacens
Bacteroides thetaiotaomicron,Bacteroides thetaiotaomicron
Corynebacterium minutissimum,Corynebacterium minutissimum
Rothia spp.,Rothia spp.
Streptococcus gallolyticus,Streptococcus gallolyticus
Achromobacter xylosoxidans,Achromobacter xylosoxidans
Actinomyces spp.,Actinomyces spp.
Kluyvera ascorbata,Kluyvera ascorbata
Haemophilus parahaemolyticus,Haemophilus parahaemolyticus
Trueperella bernardiae,Trueperella bernardiae
Enterococcus faecium,Enterococcus faecium
Flavobacterium spp.,Flavobacterium spp.
Streptococcus spp.,Streptococcus spp.
Citrobacter sedlakii,Citrobacter sedlakii
Bacillus cereus,Bacillus cereus
Haemophilus haemolyticus,Haemophilus haemolyticus
Moraxella catarrhalis,Moraxella catarrhalis
Bacteroides ureolyticus,Bacteroides ureolyticus
Enterococcus gallinarium,Enterococcus gallinarium
Pseudomonas spp.,Pseudomonas spp.
Haemophilus spp.,Haemophilus spp.
Hafnia alvei,Hafnia alvei
Bacteroides uniformis,Bacteroides uniformis
Micrococcus luteus,Micrococcus luteus
Streptococcus sanguinis,Streptococcus sanguinis
Lactobacillus delbrueckii,Lactobacillus delbrueckii
Aeromonas caviae,Aeromonas caviae
Anaerococcus vaginalis,Anaerococcus vaginalis
Neisseria mucosa,Neisseria mucosa
Aerococcus urinae,Aerococcus urinae
Acinetobacter spp.,Acinetobacter spp.
Brevibacterium spp.,Brevibacterium spp.
Lactobacillus homochiochii,Lactobacillus homochiochii
Corynebacterium jeikeium,Corynebacterium jeikeium
Campylobacter spp.,Campylobacter spp.
Corynebacterium afermentans,Corynebacterium afermentans
Empedobacter brevis,Empedobacter brevis
Corynebacterium propinquum,Corynebacterium propinquum
Pasteurella multocida,Pasteurella multocida
Propionibacterium spp.,Propionibacterium spp.
Peptoniphilus harei,Peptoniphilus harei
Eubacterium tenue,Eubacterium tenue
Moraxella phenylpyruvica,Moraxella phenylpyruvica
Moraxella osloensis,Moraxella osloensis
Streptococcus pneumoniae,Streptococcus pneumoniae
Raoultella planticola,Raoultella planticola
Alcaligenes spp.,Alcaligenes spp.
Alcaligenes faecalis,Alcaligenes faecalis
Prevotella melaninogenica,Prevotella melaninogenica
Yersinia enterocolitica,Yersinia enterocolitica
Actinomyces turicensis,Actinomyces turicensis
Fusobacterium necrophorum,Fusobacterium necrophorum
Peptostreptococcus magnus,Peptostreptococcus magnus
Micrococcus spp.,Micrococcus spp.
Aerococcus viridans,Aerococcus viridans
Pseudomonas oleovorans,Pseudomonas oleovorans
Providencia stuartii,Providencia stuartii
Ochrobactrum anthropi,Ochrobactrum anthropi
Enterococcus spp.,Enterococcus spp.
Proteus penneri,Proteus penneri
Streptococcus equi ssp zooepidemicus,Streptococcus equi ssp zooepidemicus
Bacillus megaterium,Bacillus megaterium
Raoultella ornithinolytica,Raoultella ornithinolytica
Corynebacterium tuberculostearicum,Corynebacterium tuberculostearicum
Serratia liquefaciens,Serratia liquefaciens
Lactobacillus sake,Lactobacillus sake
Neisseria spp.,Neisseria spp.
Enterobacter spp.,Enterobacter spp.
Corynebacterium coyleae,Corynebacterium coyleae
Porphyromonas spp.,Porphyromonas spp.
Pseudomonas putida,Pseudomonas putida
Clostridium symbiosum,Clostridium symbiosum
Peptostreptococcus anaerobius,Peptostreptococcus anaerobius
Fusobacterium spp.,Fusobacterium spp.
Streptococcus lutetiensis,Streptococcus lutetiensis
Arthrobacter spp.,Arthrobacter spp.
Enterococcus casseliflavus,Enterococcus casseliflavus
Clostridium spp.,Clostridium spp.
Pseudomonas stutzeri,Pseudomonas stutzeri
Corynebakterium glucuronolyticum,Corynebakterium glucuronolyticum
Enterococcus hirae,Enterococcus hirae
Actinobacillus spp.,Actinobacillus spp.
Bacteroides pyogenes,Bacteroides pyogenes
Peptoniphilus spp.,Peptoniphilus spp.
Peptoniphilus asaccharolyticus,Peptoniphilus asaccharolyticus
Staphylococcus capitis,Staphylococcus capitis
Staphylococcus haemolyticus,Staphylococcus haemolyticus
Staphylococcus auricularis,Staphylococcus auricularis
Escherichia coli (EPEC),Escherichia coli (EPEC)
Staphylococcus caprae,Staphylococcus caprae
Veillonella atypica,Veillonella atypica
Aerococcus sanguinicola,Aerococcus sanguinicola
Haemophilus sputorum,Haemophilus sputorum
Acinetobacter ursingii,Acinetobacter ursingii
Streptococcen Gruppe F,Streptococcen Gruppe F
Staphylococcus warneri,Staphylococcus warneri
Staphylococcus hominis,Staphylococcus hominis
Streptococcen (beta-hämolysierend),Streptococcen (beta-hämolysierend)
Facklamia hominis,Facklamia hominis
Prevotella buccae,Prevotella buccae
Streptococcus bovis,Streptococcus bovis
Staphylococcus simulans,Staphylococcus simulans
Peptoniphilus indolicus,Peptoniphilus indolicus
Bifidobacterium adolescentis,Bifidobacterium adolescentis
Corynebacterium pseudodiphteriticum,Corynebacterium pseudodiphteriticum
Peptoniphilus lacrimalis,Peptoniphilus lacrimalis
Actinotignum schaalii,Actinotignum schaalii
Helicobacter pylori,Helicobacter pylori
Corynebacterium lipophile_group_F1,Corynebacterium lipophile_group_F1
Bifidobacterium breve,Bifidobacterium breve
Turicella otitidis,Turicella otitidis
Corynebacterium confusum,Corynebacterium confusum
Clostridium innocuum,Clostridium innocuum
Salmonella Gruppe B,Salmonella Gruppe B
Klebsiella variicola,Klebsiella variicola
Neisseria macacae,Neisseria macacae
Escherichia coli (EHEC),Escherichia coli (EHEC)
Parabacteroides merdae,Parabacteroides merdae
Helcococcus spp.,Helcococcus spp.
Streptococcen Gruppe G,Streptococcen Gruppe G
Peptoniphilus gorbachii,Peptoniphilus gorbachii
Aeromonas veronii,Aeromonas veronii
Corynebacterium accolens,Corynebacterium accolens
Brevibacterium ravenspurgense,Brevibacterium ravenspurgense
Anaerobe Bakterien,Anaerobe Bakterien
Campylobacter coli,Campylobacter coli
Sphingobium yanoikuyae,Sphingobium yanoikuyae
Neisseria gonorrhoeae,Neisseria gonorrhoeae
Bifidobacterium infantis,Bifidobacterium infantis
Sutterella wadsworthensis,Sutterella wadsworthensis
Acinetobacter haemolyticus,Acinetobacter haemolyticus
Corynebacterium simulans,Corynebacterium simulans
Streptococcen Gruppe C,Streptococcen Gruppe C
Prevotella amnii,Prevotella amnii
Prevotella nigrescens,Prevotella nigrescens
Staphylococcus intermedius,Staphylococcus intermedius
Lactococcus garvieae,Lactococcus garvieae
Salmonella typhimurium,Salmonella typhimurium
Actinobaculum massiliense,Actinobaculum massiliense
Moraxella spp.,Moraxella spp.
Helcococcus kunzii,Helcococcus kunzii
Streptococcus urinalis,Streptococcus urinalis
Anaerococcus spp.,Anaerococcus spp.
Staphylococcus saccharolyticus,Staphylococcus saccharolyticus
Staphylococcus piscifermentans,Staphylococcus piscifermentans
Moraxella nonliquefaciens,Moraxella nonliquefaciens
Bacteroides caccae,Bacteroides caccae
Gram positive Kokken,Gram positive Kokken
Acinetobacter radioresistens,Acinetobacter radioresistens
Actinotignum sanguinis,Actinotignum sanguinis
Bacteroides salyersiae,Bacteroides salyersiae
Peptoniphilus olsenii,Peptoniphilus olsenii
Bacillus pumilis,Bacillus pumilis
Proteus spp.,Proteus spp.
Aerococcus spp.,Aerococcus spp.
Streptococcen (nicht hämolysierend),Streptococcen (nicht hämolysierend)
Streptococcus gordonii,Streptococcus gordonii
Salmonella montevideo,Salmonella montevideo
Staphylococcus nepalensis,Staphylococcus nepalensis
Enterobacter asburiae,Enterobacter asburiae
Staphylococcus schleiferi,Staphylococcus schleiferi
Klebsiella spp.,Klebsiella spp.
Listeria monocytogenes,Listeria monocytogenes
Lactobacillus casei,Lactobacillus casei
Klebsiella ozaenae,Klebsiella ozaenae
Achromobacter denitrificans,Achromobacter denitrificans
Actinomyces odontolyticus,Actinomyces odontolyticus
Citrobacter braakii,Citrobacter braakii
Burkholderia cepacia,Burkholderia cepacia
Facklamia spp.,Facklamia spp.
Lactobacillus rhamnosus,Lactobacillus rhamnosus
Granulicatella spp.,Granulicatella spp.
Aeromonas hydrophila,Aeromonas hydrophila
Actinobaculum species,Actinobaculum species
Leclercia adecarboxylata,Leclercia adecarboxylata
Serratia rubidaea,Serratia rubidaea
Neisseria flavescens,Neisseria flavescens
Chryseobacterium indologenes,Chryseobacterium indologenes
Pseudomonas alcaligenes,Pseudomonas alcaligenes
Streptococcus thermophilus,Streptococcus thermophilus
Fusobacterium naviforme,Fusobacterium naviforme
Enterococcus raffinosus,Enterococcus raffinosus
Yersinia spp.,Yersinia spp.
Treponema pallidum,Treponema pallidum
Aerobe Bakterien,Aerobe Bakterien
Chlamydia trachomatis,Chlamydia trachomatis
Bordetella parapertussis,Bordetella parapertussis
Citrobacter farmeri,Citrobacter farmeri
Hafnia spp.,Hafnia spp.
Mycobacterium spp.,Mycobacterium spp.
Vibrio alginolyticus,Vibrio alginolyticus
Clostridium paraputrificum,Clostridium paraputrificum
Gram positive Stäbchen,Gram positive Stäbchen
Eggerthella lenta,Eggerthella lenta
Streptococcus mutans,Streptococcus mutans
Yersinia frederiksenii,Yersinia frederiksenii
Treponema denticola,Treponema denticola
Gram negative Stäbchen,Gram negative Stäbchen
Shigella spp.,Shigella spp.
Pantoea spp.,Pantoea spp.
Kocuria kristinae,Kocuria kristinae
Mycobacterium intracellulare,Mycobacterium intracellulare
Salmonella enteritidis,Salmonella enteritidis
Escherichia hermanii,Escherichia hermanii
Pseudoglutamicibacter cumminsii,Pseudoglutamicibacter cumminsii
Salmonella stanley,Salmonella stanley
Corynebacterium riegelii,Corynebacterium riegelii
Salmonella muenchen,Salmonella muenchen
Eikenella corrodens,Eikenella corrodens
Pluralibacter gergoviae,Pluralibacter gergoviae
Myroides spp.,Myroides spp.
Citrobacter youngae,Citrobacter youngae
Lactococcus garviae,Lactococcus garviae
Aggregatibacter actinomycetemcomitans,Aggregatibacter actinomycetemcomitans
Stomatococcus spp.,Stomatococcus spp.
Mycobacterium avium complex,Mycobacterium avium complex
Oligella urethralis,Oligella urethralis
Streptococcus infantarius,Streptococcus infantarius
Corynebacterium durum,Corynebacterium durum
Gemella morbillorum,Gemella morbillorum
Serratia odorifera,Serratia odorifera
Acinetobacter calcoaceticus,Acinetobacter calcoaceticus
Achromobacter spp.,Achromobacter spp.
Escherichia coli (EIEC),Escherichia coli (EIEC)
Enterococcus hirea,Enterococcus hirea
Mycobacterium tuberculosis,Mycobacterium tuberculosis
Mycoplasma spp.,Mycoplasma spp.
Salmonella spp.,Salmonella spp.
Paracoccus yeei,Paracoccus yeei
Kocuria rosea,Kocuria rosea
Paeniclostridium sordellii,Paeniclostridium sordellii
Arcanobacterium haemolyticum,Arcanobacterium haemolyticum
Mycobacterium chelonae,Mycobacterium chelonae
Mycobacterium tuberculosis complex,Mycobacterium tuberculosis complex
Escherichia coli (ETEC),Escherichia coli (ETEC)
Salmonella enterica,Salmonella enterica
Shigella flexneri,Shigella flexneri
Aeromonas salmonicida,Aeromonas salmonicida
Staphylococcus cohnii,Staphylococcus cohnii
Salmonella kentucky,Salmonella kentucky
Corynebacterium urealyticum,Corynebacterium urealyticum
Lactobacillus gasseri,Lactobacillus gasseri
Delftia acidovorans,Delftia acidovorans
Escherichia coli (EAEC),Escherichia coli (EAEC)
Mycobacterium africanum,Mycobacterium africanum
Lactococcus lactis,Lactococcus lactis
Leuconostoc spp.,Leuconostoc spp.
Bacillus subtilis,Bacillus subtilis
Veillonella spp.,Veillonella spp.
Chryseomonas luteola,Chryseomonas luteola
Neisseria meningitidis,Neisseria meningitidis
Lelliottia amnigena,Lelliottia amnigena
Gemella bergeri,Gemella bergeri
Pasteurella spp.,Pasteurella spp.
Acinetobacter bereziniae,Acinetobacter bereziniae
Veillonella dispar,Veillonella dispar
Bacteroides cellulosilyticus,Bacteroides cellulosilyticus
Mycobacterium avium,Mycobacterium avium
Vagococcus fluvialis,Vagococcus fluvialis
Actinomyces europaeus,Actinomyces europaeus
Eubacterium limosum,Eubacterium limosum
Bifidobacterium spp.,Bifidobacterium spp.
Clostridium ramosum,Clostridium ramosum
Actinomyces urogenitalis,Actinomyces urogenitalis
Micrococcus lylae,Micrococcus lylae
Serratia fonticola,Serratia fonticola
Enterococcus mundtii,Enterococcus mundtii
Brevundimonas diminuta,Brevundimonas diminuta
Aeromonas spp.,Aeromonas spp.
Sphingobacterium spp.,Sphingobacterium spp.
Kluyvera spp.,Kluyvera spp.
Gemella spp.,Gemella spp.
Providencia spp.,Providencia spp.
Salmonella berta,Salmonella berta
Mycobacterium kansasii,Mycobacterium kansasii
Mycobacterium fortuitum,Mycobacterium fortuitum
Abiotrophia defectiva,Abiotrophia defectiva
Bordetella trematum,Bordetella trematum
Prevotella intermedia,Prevotella intermedia
Kingella kingae,Kingella kingae
Actinomyces viscosus,Actinomyces viscosus
Aggregatibacter aphrophilus,Aggregatibacter aphrophilus
Moraxella lacunata,Moraxella lacunata
Staphylococcus sciuri,Staphylococcus sciuri
Methylobacillus spp.,Methylobacillus spp.
Rhodococcus kroppenstedtii,Rhodococcus kroppenstedtii
Paracoccus spp.,Paracoccus spp.
Bacillus simplex,Bacillus simplex
Staphylococcus vitulinus,Staphylococcus vitulinus
Porphyromonas gingivalis,Porphyromonas gingivalis
Rhizobium spp.,Rhizobium spp.
Pseudomonas mendocina,Pseudomonas mendocina
Morganella morganii ssp. sibonii,Morganella morganii ssp. sibonii
Paraclostridium bifermentans,Paraclostridium bifermentans
Streptococcus equisimilis,Streptococcus equisimilis
Kocuria varians,Kocuria varians
Prevotella oralis,Prevotella oralis
Peptococcus spp.,Peptococcus spp.
Enterobacter cancerogenus,Enterobacter cancerogenus
Bacteroides stercoris,Bacteroides stercoris
Burkholderia gladioli,Burkholderia gladioli
Gram-labile Stäbchen,Gram-labile Stäbchen
Corynebakterium macginleyi,Corynebakterium macginleyi
Enterobacter intermedium,Enterobacter intermedium
Shewanella putrefaciens,Shewanella putrefaciens
Lactobacillus fermentum,Lactobacillus fermentum
Streptococcus pasteurianus,Streptococcus pasteurianus
Kocuria spp.,Kocuria spp.
Gardnerella spp.,Gardnerella spp.
Cronobacter sakazakii,Cronobacter sakazakii
Myroides odoratus,Myroides odoratus
Prevotella corporis,Prevotella corporis
Fusobacterium varium,Fusobacterium varium
Acinetobacter guillouiae,Acinetobacter guillouiae
Bordetella pertussis,Bordetella pertussis
Streptococcus equinus,Streptococcus equinus
Eubacterium lentum,Eubacterium lentum
Haemophilus paraphrohaemolyticus,Haemophilus paraphrohaemolyticus
Anaerococcus lactolyticus,Anaerococcus lactolyticus
Mycobacterien atypische,Mycobacterien atypische
Bilophilia wadsworthia,Bilophilia wadsworthia
Mycobacterium gordonae,Mycobacterium gordonae
Streptococcus zooepidemicus,Streptococcus zooepidemicus
Serratia spp.,Serratia spp.
Mycobacterium abscessus,Mycobacterium abscessus
Prevotella timonensis,Prevotella timonensis
Neisseria flava,Neisseria flava
Staphylococcus lentus,Staphylococcus lentus
Streptococcus canis,Streptococcus canis
Bacillus licheniformis,Bacillus licheniformis
Paenibacillus provencensis,Paenibacillus provencensis
Aeromonas sobria,Aeromonas sobria
Escherichia fergusonii,Escherichia fergusonii
Staphylococcus equorum,Staphylococcus equorum
Clostridium cadaveris,Clostridium cadaveris
Clostridium clostridiiforme,Clostridium clostridiiforme
Staphylococcus pseudintermedius,Staphylococcus pseudintermedius
Pasteurella dagmatis,Pasteurella dagmatis
Prevotella oris,Prevotella oris
Pseudomonas mosselii,Pseudomonas mosselii
Lysinibacillus fusiformis,Lysinibacillus fusiformis
Nocardia spp.,Nocardia spp.
Fusobacterium periodonticum,Fusobacterium periodonticum
Bacillus firmus,Bacillus firmus
Legionella pneumophila,Legionella pneumophila
Neisseria canis,Neisseria canis
Cellulomonas spp.,Cellulomonas spp.
Veillonella parvula,Veillonella parvula
Pseudopropionibacterium propionicum,Pseudopropionibacterium propionicum
Bordetella bronchiseptica,Bordetella bronchiseptica
Mycoplasma pneumoniae,Mycoplasma pneumoniae
Neisseria weaveri,Neisseria weaveri
Streptococcus alactolyticus,Streptococcus alactolyticus
Gemella haemolysans,Gemella haemolysans
Streptococcus cristatus,Streptococcus cristatus
Pediococcus pentosaceus,Pediococcus pentosaceus
Dermacoccus nishinomiyaensis,Dermacoccus nishinomiyaensis
Streptococcus suis,Streptococcus suis
Capnocytophagia spp.,Capnocytophagia spp.
Bordetella spp.,Bordetella spp.
Lactobacillus paracasei,Lactobacillus paracasei
Corynebacterium bovis,Corynebacterium bovis
Corynebacterium singulare,Corynebacterium singulare
Enterobacterales (früher: Enterobacteriaceae),Enterobacterales (früher: Enterobacteriaceae)
Corynebacterium diphteriae,Corynebacterium diphteriae
Capnocytophagia sputigena,Capnocytophagia sputigena
Actinomyces naeslundii,Actinomyces naeslundii
Streptococcus constellatus ssp pharyngis,Streptococcus constellatus ssp pharyngis
Streptococcus uberis,Streptococcus uberis
Globicatella spp.,Globicatella spp.
Pseudomonas pseudoalcaligenes,Pseudomonas pseudoalcaligenes
Prevotella pallens,Prevotella pallens
Staphylococcus xylosus,Staphylococcus xylosus
Clostridium tertium,Clostridium tertium
Providencia rustigianii,Providencia rustigianii
Neisseria perflava,Neisseria perflava
Lactobacillus vaginalis,Lactobacillus vaginalis
Bacillus thuringiensis,Bacillus thuringiensis
Actinomyces meyeri,Actinomyces meyeri
Sphingomonas parapaucimobilis,Sphingomonas parapaucimobilis
Corynebacterium freneyi,Corynebacterium freneyi
Salmonella Gruppe C,Salmonella Gruppe C
Peptostreptococcus hydrogenalis,Peptostreptococcus hydrogenalis
Odoribacter splanchnicus,Odoribacter splanchnicus
Atopobium vaginae,Atopobium vaginae
Corynebacterium pseudogenitalium,Corynebacterium pseudogenitalium
Peptococcus niger,Peptococcus niger
Fusobacterium gonidiaformans,Fusobacterium gonidiaformans
Psychrobacter spp.,Psychrobacter spp.
Mycobacterium xenopi,Mycobacterium xenopi
Corynebacterium imitans,Corynebacterium imitans
Bacillus cellulosilyticus,Bacillus cellulosilyticus
Bacteroides faecis,Bacteroides faecis
Rothia aeria,Rothia aeria
Sphingobacterium multivorum,Sphingobacterium multivorum
Acinetobacter parvus,Acinetobacter parvus
Lysinibacillus sphaericus,Lysinibacillus sphaericus
Staphylococcus felis,Staphylococcus felis
Salmonella infantis,Salmonella infantis
Capnocytophagia gingivalis,Capnocytophagia gingivalis
Actinomyces radingae,Actinomyces radingae
Leptotrichia spp.,Leptotrichia spp.
Clostridium clostridioforme,Clostridium clostridioforme
Aggregatibacter segnis,Aggregatibacter segnis
Rahnella aquatilis,Rahnella aquatilis
Agrobacterium radiobacter,Agrobacterium radiobacter
Corynebacterium falsenii,Corynebacterium falsenii
Gram negative Kokken,Gram negative Kokken
Tsukamurella spp.,Tsukamurella spp.
Actinomyces funkei,Actinomyces funkei
Staphylococcus urealyticum,Staphylococcus urealyticum
Clostridium butyricum,Clostridium butyricum
Brevibacterium casei,Brevibacterium casei
Pseudomonas fulva,Pseudomonas fulva
Corynebacterium auris,Corynebacterium auris
Atopobium minutum,Atopobium minutum
Cutibacterium granulosum,Cutibacterium granulosum
Enterococcus malodoratus,Enterococcus malodoratus
Peptoniphilus coxii,Peptoniphilus coxii
Achromobacter piechaudii,Achromobacter piechaudii
Weeksella virosa,Weeksella virosa
Erysipelothrix rhusiopathiae,Erysipelothrix rhusiopathiae
Paenibacillus glucanolyticus,Paenibacillus glucanolyticus
Erwinia persicina,Erwinia persicina
Providencia alcalifaciens,Providencia alcalifaciens
Raoultella terrigena,Raoultella terrigena
Clostridium sporogenes,Clostridium sporogenes
Escherichia vulneris,Escherichia vulneris
Massilia spp.,Massilia spp.
Legionella spp.,Legionella spp.
Chlamydia pneumoniae,Chlamydia pneumoniae
Paenibacillus spp.,Paenibacillus spp.
Listeria spp.,Listeria spp.
Pseudomonas citronellolis,Pseudomonas citronellolis
Arcanobacterium spp.,Arcanobacterium spp.
Kluyvera cryocrescens,Kluyvera cryocrescens
Neisseria cinerea,Neisseria cinerea
Pseudomonas chlororaphis,Pseudomonas chlororaphis
Comamonas spp.,Comamonas spp.
Chryseobacterium spp.,Chryseobacterium spp.
Bifidobacterium longum,Bifidobacterium longum
Rhizobium radiobacter,Rhizobium radiobacter
Pseudomonas monteilii,Pseudomonas monteilii
Kytococcus schroeteri,Kytococcus schroeteri
Mycobacterium malmoense,Mycobacterium malmoense
Kocuria rhizophila,Kocuria rhizophila
Lactococcus lactis ssp cremoris,Lactococcus lactis ssp cremoris
Comamomas testosteroni,Comamomas testosteroni
Ewingella americana,Ewingella americana
Mycoplasma salivarium,Mycoplasma salivarium
Campylobacter fetus,Campylobacter fetus
Streptococcus thoraltensis,Streptococcus thoraltensis
Corynebacterium pseudotuberculosis,Corynebacterium pseudotuberculosis
Mycobacterium bovis,Mycobacterium bovis
Streptococcus porcinus,Streptococcus porcinus
Paenibacillus lautus,Paenibacillus lautus
Shewanella algae,Shewanella algae
Propionibacterium freundenreichii,Propionibacterium freundenreichii
Alloiococcus spp.,Alloiococcus spp.
Bacteroides xylanolyticus,Bacteroides xylanolyticus
Prevotella loescheii,Prevotella loescheii
Streptococcus pseudopneumoniae,Streptococcus pseudopneumoniae
Lactobacillus reuteri,Lactobacillus reuteri
Salmonella typhi,Salmonella typhi
Elizabethkingia meningoseptica,Elizabethkingia meningoseptica
Atopobium spp.,Atopobium spp.
Bifidobacterium animalis,Bifidobacterium animalis
Chromobacterium violaceum,Chromobacterium violaceum
Paenibacillus amylolyticus,Paenibacillus amylolyticus
Dialister pneumosintes,Dialister pneumosintes
Salmonella derby,Salmonella derby
Pediococcus acidilactici,Pediococcus acidilactici
Oerskovia spp.,Oerskovia spp.
Serratia grimesii,Serratia grimesii
Shewanella spp.,Shewanella spp.
Microbacterium spp.,Microbacterium spp.
Neisseria elongata,Neisseria elongata
Prevotella nanceiensis,Prevotella nanceiensis
Lactobacillus sakei,Lactobacillus sakei
Clostridium septicum,Clostridium septicum
Aeromonas punctata (caviae),Aeromonas punctata (caviae)
Arcobacter butzleri,Arcobacter butzleri
Prevotella salivae,Prevotella salivae
Collinsella aerofaciens,Collinsella aerofaciens
Atopobium parvulum,Atopobium parvulum
Vagococcus lutrae,Vagococcus lutrae
Capnocytophagia ochracea,Capnocytophagia ochracea
Sutterella spp.,Sutterella spp.
Mycobacterium shimoidei,Mycobacterium shimoidei
Bacillus marisflavi,Bacillus marisflavi
Pseudomonas proteolytica,Pseudomonas proteolytica
Arcobacter cryaerophilus,Arcobacter cryaerophilus
Bacillus mycoides,Bacillus mycoides
Bifidobacterium dentium,Bifidobacterium dentium
Actinomyces israelii,Actinomyces israelii
Anaerobiospirillum spp.,Anaerobiospirillum spp.
Leuconostoc lactis,Leuconostoc lactis
Stenotrophomonas spp.,Stenotrophomonas spp.
Pantoea dispersa,Pantoea dispersa
Salmonella goldcoast,Salmonella goldcoast
Salmonella Gruppe D,Salmonella Gruppe D
Pantoea septica,Pantoea septica
Salmonella indiana,Salmonella indiana
Enterobacter kobei,Enterobacter kobei
Bifidobacterium bifidum,Bifidobacterium bifidum
Salmonella braenderup,Salmonella braenderup
Actinobacillus ureae,Actinobacillus ureae
Salmonella Gruppe E,Salmonella Gruppe E
Sphingobacterium spiritivorum,Sphingobacterium spiritivorum
Kingella denitrificans,Kingella denitrificans
Salmonella agona,Salmonella agona
Corynebacterium argentoratense,Corynebacterium argentoratense
Corynebacterium pyruviciproducens,Corynebacterium pyruviciproducens
Serratia ficaria,Serratia ficaria
Salmonella newport,Salmonella newport
Aeromonas bestiarum,Aeromonas bestiarum
Corynebacterium ulcerans,Corynebacterium ulcerans
Salmonella heidelberg,Salmonella heidelberg
Campylobacter upsaliensis,Campylobacter upsaliensis
Serratia proteamaculans,Serratia proteamaculans
Mycobacterium simiae,Mycobacterium simiae
Fusobacterium ulcerans,Fusobacterium ulcerans
Lactobacillus johnsonii,Lactobacillus johnsonii
Brucella melitensis,Brucella melitensis
Bacillus amyloliquefaciens,Bacillus amyloliquefaciens
Mycobacterium lentiflavum,Mycobacterium lentiflavum
Ochrobactrum spp.,Ochrobactrum spp.
Agrobacterium tumefaciens,Agrobacterium tumefaciens
Corynebacterium lipophiloflavum,Corynebacterium lipophiloflavum
Clostridium novyi,Clostridium novyi
Edwardsiella hoshinae,Edwardsiella hoshinae
Lactobacillus iners,Lactobacillus iners
Yersinia kristensenii,Yersinia kristensenii
Pseudomonas synxantha,Pseudomonas synxantha
Erwinia persicinus,Erwinia persicinus
Parabacteroides johnsonii,Parabacteroides johnsonii
Chryseobacterium joostei,Chryseobacterium joostei
Mycobacterium celatum,Mycobacterium celatum
Microbacterium oxydans,Microbacterium oxydans
Pasteurella stomatis,Pasteurella stomatis
Pseudomonas fragi,Pseudomonas fragi
Leuconostoc citreum,Leuconostoc citreum
Streptococcus massiliensis,Streptococcus massiliensis
Achromobacter insolitus,Achromobacter insolitus
Roseomonas mucosa,Roseomonas mucosa
Streptomyces spp.,Streptomyces spp.
Capnocytophaga canimorsus,Capnocytophaga canimorsus
Bacillus clausii,Bacillus clausii
Myroides odoratimimus,Myroides odoratimimus
Curtobacterium flaccumfaciens pvar poinsettiae,Curtobacterium flaccumfaciens pvar poinsettiae
Aeromonas media,Aeromonas media
Clostridium subterminale,Clostridium subterminale
Staphylococcus cohnii ssp urealyticus,Staphylococcus cohnii ssp urealyticus
Staphylococcus carnosus,Staphylococcus carnosus
Bacillus altitudinis,Bacillus altitudinis
Corynebacterium seminale,Corynebacterium seminale
Cedecea davisiae,Cedecea davisiae
Mobiluncus spp.,Mobiluncus spp.
Fusobacterium russii,Fusobacterium russii
Bergeyella zoohelcum,Bergeyella zoohelcum
Prevotella baroniae,Prevotella baroniae
Pseudomonas rhodesiae,Pseudomonas rhodesiae
Aeromonas punctata,Aeromonas punctata
Branhamella spp.,Branhamella spp.
Eubacterium spp.,Eubacterium spp.
Streptococcus ovis,Streptococcus ovis
Neisseria animaloris,Neisseria animaloris
Actinomyces dentalis,Actinomyces dentalis
Raoultella spp.,Raoultella spp.
Streptococcen Gruppe D,Streptococcen Gruppe D
Weissella viridescens,Weissella viridescens
Pseudomonas graminis,Pseudomonas graminis
Moraxella atlantae,Moraxella atlantae
Arcobacter spp.,Arcobacter spp.
Citrobacter gillenii,Citrobacter gillenii
Actinomyces graevenitzii,Actinomyces graevenitzii
Enterobacter ludwigii,Enterobacter ludwigii
Granulicatella elegans,Granulicatella elegans
Nonfermenter,Nonfermenter
Sphingomonas koreensis,Sphingomonas koreensis
Actinomyces gerencseriae,Actinomyces gerencseriae
Campylobacter hyointestinalis,Campylobacter hyointestinalis
Fusobacterium canifelinum,Fusobacterium canifelinum
Shigella dysenteriae,Shigella dysenteriae
Veillonella alcalescens,Veillonella alcalescens
Kluyvera intermedia,Kluyvera intermedia
Moraxella sg Moraxella lincolnii,Moraxella sg Moraxella lincolnii
Corynebacterium mucifaciens,Corynebacterium mucifaciens
Prevotella copri,Prevotella copri
Ralstonia pickettii,Ralstonia pickettii
Yersinia intermedia,Yersinia intermedia
Lactobacillus curavatus,Lactobacillus curavatus
Anaerococcus tetradius,Anaerococcus tetradius
Gemella sanguinis,Gemella sanguinis
Haemophilus pittmaniae,Haemophilus pittmaniae
Acinetobacter schindleri,Acinetobacter schindleri
Bilophilia spp.,Bilophilia spp.
Macrococcus caseolyticus,Macrococcus caseolyticus
Salmonella muenster,Salmonella muenster
Enterococcus thailandicus,Enterococcus thailandicus
Serratia plymuthica,Serratia plymuthica
Oligella ureolytica,Oligella ureolytica
Bacteroides clarus,Bacteroides clarus
Microbacterium aurum,Microbacterium aurum
Bacteroides nordii,Bacteroides nordii
Comamonas kerstersii,Comamonas kerstersii
Actinomyces oris,Actinomyces oris
Achromobacter ruhlandii,Achromobacter ruhlandii
Kocuria palustris,Kocuria palustris
Streptococcus pseudoporcinus,Streptococcus pseudoporcinus
Brevibacillus borstelensis,Brevibacillus borstelensis
Prevotella histicola,Prevotella histicola
Acidaminococcus intestini,Acidaminococcus intestini
Streptococcen (gamma-hämolysierend),Streptococcen (gamma-hämolysierend)
Corynebacterium mastitidis,Corynebacterium mastitidis
Pantoea calida,Pantoea calida
Anaerococcus octavius,Anaerococcus octavius
Roseomonas gilardii,Roseomonas gilardii
Dysgonomonas capnocytophagoides,Dysgonomonas capnocytophagoides
Veillonella montpellierensis,Veillonella montpellierensis
Rothia amarae,Rothia amarae
Corynebacterium resistens,Corynebacterium resistens
Staphylococcus chromogenes,Staphylococcus chromogenes
Vibrio harveyi,Vibrio harveyi
Facklamia languida,Facklamia languida
Enterococcus gilvus,Enterococcus gilvus
Propionibacterium acidifaciens,Propionibacterium acidifaciens
Campylobacter rectus,Campylobacter rectus
Streptococcus gallolyticus ssp pasteurianus,Streptococcus gallolyticus ssp pasteurianus
Pasteurella canis,Pasteurella canis
Cardiobacterium spp.,Cardiobacterium spp.
Lactobacillus plantarum,Lactobacillus plantarum
Kocuria salsicia,Kocuria salsicia
Bacteroides stercoralis,Bacteroides stercoralis
Lactococcus plantarum,Lactococcus plantarum
Salmonella chester,Salmonella chester
Streptococcus infantis,Streptococcus infantis
Clostridium baratii,Clostridium baratii
Bacillus coagulans,Bacillus coagulans
Salmonella give,Salmonella give
Pasteurella bettyae,Pasteurella bettyae
Borrelia burgdorferi,Borrelia burgdorferi
Coxiella burnetii,Coxiella burnetii
Brucella spp.,Brucella spp.
Helicobacter spp.,Helicobacter spp.
Salmonella paratyphi B,Salmonella paratyphi B
Dialister micraerophilus,Dialister micraerophilus
Bacillus flexus,Bacillus flexus
Mycobacterium szulgai,Mycobacterium szulgai
Nocardia nova,Nocardia nova
Oligella spp.,Oligella spp.
Mycobacterium chelonae complex,Mycobacterium chelonae complex
Acinetobacter gyllenbergii,Acinetobacter gyllenbergii
Prevotella veroralis,Prevotella veroralis
Cedecea lapagei,Cedecea lapagei
Rahnella spp.,Rahnella spp.
Salmonella choleraesuis,Salmonella choleraesuis
Lactobacillus mucosae,Lactobacillus mucosae
Salmonella blockley,Salmonella blockley
Klebsiella trevisanii,Klebsiella trevisanii
Shigella boydii,Shigella boydii
Massilia timonae,Massilia timonae
Salmonella bredeney,Salmonella bredeney
Salmonella bovis morbificans,Salmonella bovis morbificans
Burkholderia cenocepacia,Burkholderia cenocepacia
Alistipes onderdonkii,Alistipes onderdonkii
Bacteroides eggerthii,Bacteroides eggerthii
Cupriavidus spp.,Cupriavidus spp.
Escherichia spp.,Escherichia spp.
Yersinia aldovae,Yersinia aldovae
Brevibacterium paucivorans,Brevibacterium paucivorans
Atopobium rimae,Atopobium rimae
Dysgonomonas gadei,Dysgonomonas gadei
Porphyromonas endodontalis,Porphyromonas endodontalis
Shigella sonnei,Shigella sonnei
Salmonella Gruppe A,Salmonella Gruppe A
Listeria innocua,Listeria innocua
Neisseria sicca,Neisseria sicca
Salmonella brandenburg,Salmonella brandenburg
Prevotella heparinolytica,Prevotella heparinolytica
Cardiobacterium hominis,Cardiobacterium hominis
Rhodococcus equi,Rhodococcus equi
Mobiluncus curtisii,Mobiluncus curtisii
Sphingomonas spp.,Sphingomonas spp.
Peptostreptococcus tetradium,Peptostreptococcus tetradium
Macrococcus spp.,Macrococcus spp.
Lactobacillus pentosus,Lactobacillus pentosus
Bacillus indicus,Bacillus indicus
Bordetella hinzii,Bordetella hinzii
Lactobacillus murinus,Lactobacillus murinus
Psychrobacter phenylpyruvicus,Psychrobacter phenylpyruvicus
Campylobacter hominis,Campylobacter hominis
Erwinia spp.,Erwinia spp.
Neisseria lactamica,Neisseria lactamica
Plesiomonas shigelloides,Plesiomonas shigelloides
Clostridium tetani,Clostridium tetani
Mycobacterium bovis BCG,Mycobacterium bovis BCG
Vibrio vulnificus,Vibrio vulnificus
Leuconostoc mesenteroides,Leuconostoc mesenteroides
Streptococcus equi,Streptococcus equi
Corynebacterium xerosis,Corynebacterium xerosis
Acidovorax temperans,Acidovorax temperans
Hathewaya histolytica,Hathewaya histolytica
Buttiauxella agrestis,Buttiauxella agrestis
Acinetobacter beijerinckii,Acinetobacter beijerinckii
Fusobacterium mortiferum,Fusobacterium mortiferum
Kluyvera georgiana,Kluyvera georgiana
Streptococcus peroris,Streptococcus peroris
Bacteroides coagulans,Bacteroides coagulans
Bacillus anthracis,Bacillus anthracis
Brevundimonas spp.,Brevundimonas spp.
Pseudomonas alcaliphila,Pseudomonas alcaliphila
Wautersiella falsenii,Wautersiella falsenii
Rothia terrae,Rothia terrae
Stenotrophomonas rhizophila,Stenotrophomonas rhizophila
Pantoea ananatis,Pantoea ananatis
Dermatophilus congolensis,Dermatophilus congolensis
Chryseomonas spp.,Chryseomonas spp.
Chryseobacterium oranimense,Chryseobacterium oranimense
Desulfovibrio desulfuricans,Desulfovibrio desulfuricans
Aerococcus christensenii,Aerococcus christensenii
Staphylococcus hominis ssp novobiosepticus,Staphylococcus hominis ssp novobiosepticus
Streptococcus sobrinus,Streptococcus sobrinus
Yokenella regensburgei,Yokenella regensburgei
Neisseria zoodegmatis,Neisseria zoodegmatis
Burkholderia multivorans,Burkholderia multivorans
Bacteroides xylanisolvens,Bacteroides xylanisolvens
Acidaminococcus spp.,Acidaminococcus spp.
Elizabethkingia miricola,Elizabethkingia miricola
Parabacteroides goldsteinii,Parabacteroides goldsteinii
Gordona spp.,Gordona spp.
Exiguobacterium spp.,Exiguobacterium spp.
Acinetobacter baylyi,Acinetobacter baylyi
Pseudomonas plecoglossicida,Pseudomonas plecoglossicida
Shewanella colwelliana,Shewanella colwelliana
Cronobacter spp.,Cronobacter spp.
Buttiauxella spp.,Buttiauxella spp.
Cellulosimicrobium cellulans,Cellulosimicrobium cellulans
Alistipes finegoldii,Alistipes finegoldii
Lactobacillus intestinalis,Lactobacillus intestinalis
Pseudomonas otitidis,Pseudomonas otitidis
Moorella spp.,Moorella spp.
Alistipes shahii,Alistipes shahii
Salmonella cottbus,Salmonella cottbus
Salmonella saint-paul,Salmonella saint-paul
Enterococcus canintestini,Enterococcus canintestini
Mycobacterium interjectum,Mycobacterium interjectum
Kocuria marina,Kocuria marina
Salmonella london,Salmonella london
Francisella tularensis,Francisella tularensis
Salmonella paratyphi A,Salmonella paratyphi A
Actinomyces bovis,Actinomyces bovis
Enterococcus cecorum,Enterococcus cecorum
Burkholderia contaminans,Burkholderia contaminans
Rothia endophytica,Rothia endophytica
CDC (Gruppe gram neg. Stäbchen - Nonfermenter),CDC (Gruppe gram neg. Stäbchen - Nonfermenter)
Vibrio furnissii,Vibrio furnissii
Aeromonas eucrenophila,Aeromonas eucrenophila
Actinomyces denticolens,Actinomyces denticolens
Clostridium celerecrescens,Clostridium celerecrescens
Lactobacillus catenaformis,Lactobacillus catenaformis
Paenibacillus lactis,Paenibacillus lactis
Bacillus halosaccharovorans,Bacillus halosaccharovorans
Bacillus atrophaeus,Bacillus atrophaeus
Clostridium disporicum,Clostridium disporicum
Aeromonas hydrophila/caviae,Aeromonas hydrophila/caviae
Salmonella virchow,Salmonella virchow
Bifidobacterium scardovii,Bifido. scardovii
Porphyromonas bennonis,Porphy. bennonis
Agrobacterium spp.,Agroba. spp.
Fusobacterium necrogenes,Fusoba. necrogenes
Salmonella livingstone,Salmo. livingstone
Pseudoflavonifractor capillosus,Pseudofla. capillosus
Staphylococcus kloosii,Staph. kloosii
Citrobacter murliniae,Citro. murliniae
Salmonella amsterdam,Salmo. amsterdam
Streptococcus parvulus,Strep. parvulus
Mannheimia haemolytica,Mannh. haemolytica
Brevundimonas vesicularis,Brevu. vesicularis
Tissierella praeacuta,Tissi. praeacuta
Rhodococcus spp.,Rhodo. spp.
Vibrio cholerae,Vibrio cholerae
Mycobacterium smegmatis,Mycob. smegmatis
Staphylococcus gallinarium,Staph. gallinarium
Lactococcus raffinolactis,Lacto. raffinolactis
Actinomyces hominis,Actin. hominis
Helcococcus sueciensis,Helco. sueciensis
Paenibacillus urinalis,Paeni. urinalis
Acidovorax delafieldii,Acido. delafieldii
Neisseria polysaccharea,Neiss. polysaccharea
Pasteurella pneumotropica,Paste. pneumotropica
Cedecea neterie,Cedecea neterie
Leuconostoc pseudomesenteroides,Leuco. pseudomesenteroides
Tsukamurella tyrosinosolvens,Tsuka. tyrosinosolvens
Paenibacillus polymyxa,Paeni. polymyxa
Corynebacterium glutamicum,Coryn. glutamicum
Eikenella spp.,Eiken. spp.
Veillonella rogosae,Veill. rogosae
Haemophilus haemoglobinophilus,Haemo. haemoglobinophilus
Cupriavidus pauculus,Cupri. pauculus
Cedecea spp.,Cedecea spp.
Nocardia farcinica,Nocar. farcinica
Yersinia rohdei,Yersi. rohdei
Prevotella brevis,Prevo. brevis
Campylobacter sputorum,Campy. sputorum
Weissella confusa,Weiss. confusa
Haemophilus parphrophilus,Haemo. parphrophilus
Paenibacillus lentus,Paeni. lentus
Salmonella weltevreden,Salmo. weltevreden
Clostridium sphenoides,Clost. sphenoides
Corynebacterium Groupe B,Coryn. Groupe B
Staphylococcus arlettae,Staph. arlettae
Carnobacterium divergens,Carno. divergens
Lactobacillus brevis,Lacto. brevis
Salmonella thompson,Salmo. thompson
Salmonella hadar,Salmo. hadar
Streptococcus acidominimus,Strep. acidominimus
Buttiauxella gaviniae,Butti. gaviniae
Serratia ureilytica,Serra. ureilytica
Yersinia pseudotuberculosis,Yersi. pseudotuberculosis
Streptococcus minor,Strep. minor
Bacteroides intestinalis,Bacte. intestinalis
Prevotella dentalis,Prevo. dentalis
Carnobacterium spp.,Carnob. spp.
Brevibacterium luteolum,Brevib. luteolum
Tsukamurella paurometabola,Tsuka.paurometabola
Clostridium citroniae,Clostr. citroniae
Globicatella sulfidifaciens,Globi. sulfidifaciens
Microbacterium testaceum,Microb. testaceum
Xanthomonas spp.,Xanth. spp.
Virgibacillus proomii,Virgi. proomii
Lactobacillus buchneri,Lacto. buchneri
Pseudomonas guariconensis,Pseud. guariconensis
Bacteroides massiliensis,Bacte. massiliensis
Roseomonas spp.,Roseo. spp.
Alistipes spp.,Alist. spp.
Aerococcus urinaehominis,Aeroc. urinaehominis
Salmonella havana,Salmo. havana
Clostridium hathewayi,Clost. hathewayi
Vibrio spp.,Vibrio spp.
Alcaligenes odorans,Alcal. odorans
Staphylococcus gallinarum,Staph. gallinarum
Enterobacter taylorae,Enter. taylorae
Salmonella cerro,Salmo. cerro
Herbaspirillum huttiense,Herba. huttiense
Weissella spp.,Weiss. spp.
Nocardia cyriacigeorgica,Nocar. cyriacigeorgica
Pseudomonas libanensis,Pseud. libanensis
Campylobacter jejuni ssp jejuni,Campy. jejuni ssp jejuni
Salmonella enterica ssp enterica,Salmo. enterica ssp enterica
Staphylococcus hyicus,Staph. hyicus
Aeromonas ichthiosmia,Aerom. ichthiosmia
